method,tr_ratio,n_per_arm,batch_id,n_pass,n_valid,pass_rate
VCOV,0.9,12,1,22,100,22.0
VCOV,0.9,12,2,28,100,28.0
VCOV,0.9,12,3,24,100,24.0
VCOV,0.9,12,4,23,100,23.0
VCOV,0.9,12,5,29,100,29.0
VCOV,0.9,12,6,23,100,23.0
VCOV,0.9,12,7,24,100,24.0
VCOV,0.9,12,8,25,100,25.0
VCOV,0.9,12,9,25,100,25.0
VCOV,0.9,12,10,25,100,25.0
VCOV,0.9,12,11,26,100,26.0
VCOV,0.9,12,12,23,100,23.0
VCOV,0.9,12,13,30,100,30.0
VCOV,0.9,12,14,22,100,22.0
VCOV,0.9,12,15,25,100,25.0
VCOV,0.9,12,16,22,100,22.0
VCOV,0.9,12,17,23,100,23.0
VCOV,0.9,12,18,23,100,23.0
VCOV,0.9,12,19,16,100,16.0
VCOV,0.9,12,20,25,100,25.0
