method,tr_ratio,n_per_arm,diff,dlo,dhi
Bootstrap,0.7,12,-0.04999999999999999,-0.259705056034221,0.15970505603422105
SIR,0.7,12,-0.09999999999999999,-0.288104114507729,0.08810411450772902
VCOV,0.7,12,0.0,-0.22706456304204245,0.22706456304204245
Bootstrap,0.7,24,-0.05,-0.2167364766077865,0.11673647660778651
SIR,0.7,24,-0.05,-0.2167364766077865,0.11673647660778651
VCOV,0.7,24,-0.05,-0.2167364766077865,0.11673647660778651
Bootstrap,0.7,30,0.05,-0.11673647660778651,0.2167364766077865
SIR,0.7,30,0.05,-0.11673647660778651,0.2167364766077865
VCOV,0.7,30,-0.05,-0.14799999999999996,0.04799999999999996
Bootstrap,0.7,40,0.0,0.0,0.0
SIR,0.7,40,0.0,0.0,0.0
VCOV,0.7,40,0.05,-0.04799999999999997,0.14799999999999996
Bootstrap,0.7,50,-0.05,-0.148,0.04799999999999999
SIR,0.7,50,0.05,-0.11673647660778651,0.2167364766077865
VCOV,0.7,50,0.0,-0.1385929291125633,0.1385929291125633
Bootstrap,0.7,60,0.0,0.0,0.0
SIR,0.7,60,0.0,0.0,0.0
VCOV,0.7,60,0.05,-0.047999999999999945,0.14799999999999996
Bootstrap,0.7,80,0.0,0.0,0.0
SIR,0.7,80,0.0,0.0,0.0
VCOV,0.7,80,0.0,0.0,0.0
Bootstrap,0.9,12,-0.75,-3.6919765285836053,2.1919765285836053
SIR,0.9,12,-3.0500000000000007,-5.587165222925195,-0.5128347770748061
VCOV,0.9,12,-2.8000000000000007,-5.253607869841343,-0.3463921301586588
Bootstrap,0.9,24,0.5499999999999972,-1.883854166802763,2.9838541668027574
SIR,0.9,24,-2.0,-4.830326296978569,0.8303262969785692
VCOV,0.9,24,-1.0500000000000043,-4.367633113182384,2.2676331131823755
Bootstrap,0.9,30,0.5499999999999972,-2.339622776328028,3.4396227763280223
SIR,0.9,30,-1.3500000000000085,-4.092065107292608,1.3920651072925914
VCOV,0.9,30,-1.9000000000000057,-4.806975929145546,1.0069759291455345
Bootstrap,0.9,40,-1.6000000000000085,-3.8839633142965915,0.6839633142965744
SIR,0.9,40,-3.4000000000000057,-5.411922777632858,-1.3880772223671527
VCOV,0.9,40,-0.5,-2.6690894524273494,1.6690894524273494
Bootstrap,0.9,50,1.2000000000000028,-0.35114626545728966,2.7511462654572956
SIR,0.9,50,-1.2000000000000028,-2.6612052703522773,0.2612052703522716
VCOV,0.9,50,-0.5,-2.016210511699967,1.0162105116999667
Bootstrap,0.9,60,-0.5499999999999972,-1.7309326376795737,0.6309326376795794
SIR,0.9,60,-0.9500000000000028,-2.2405563875606878,0.3405563875606821
VCOV,0.9,60,-0.29999999999999716,-1.365027204989814,0.7650272049898197
Bootstrap,0.9,80,-0.25,-0.9774826096673519,0.4774826096673519
SIR,0.9,80,-0.8499999999999943,-1.6258989353612543,-0.07410106463873434
VCOV,0.9,80,-0.3499999999999943,-1.01352662263647,0.31352662263648146
Bootstrap,1.0,12,3.1000000000000014,-0.10724016464065311,6.307240164640656
SIR,1.0,12,-3.3000000000000043,-6.362113133459522,-0.2378868665404874
VCOV,1.0,12,-2.3500000000000014,-5.157283421837974,0.45728342183797066
Bootstrap,1.0,24,0.5,-1.459742088294166,2.459742088294166
SIR,1.0,24,-1.75,-3.786271256875897,0.28627125687589716
VCOV,1.0,24,-1.5999999999999943,-3.5337772146215425,0.3337772146215541
Bootstrap,1.0,30,0.3999999999999915,-0.4879971550452378,1.2879971550452207
SIR,1.0,30,-1.7000000000000028,-2.6758649604595077,-0.7241350395404978
VCOV,1.0,30,-1.4000000000000057,-2.301555147625777,-0.4984448523742345
Bootstrap,1.0,40,-0.5,-1.0224517101835193,0.022451710183519324
SIR,1.0,40,-0.20000000000000284,-0.6629479907130668,0.2629479907130611
VCOV,1.0,40,-0.5499999999999972,-1.0621921925461772,-0.03780780745381718
Bootstrap,1.0,50,-0.05000000000001137,-0.30336763387367105,0.2033676338736483
SIR,1.0,50,0.04999999999999716,-0.11673647660778941,0.21673647660778372
VCOV,1.0,50,-0.30000000000001137,-0.5583070388429152,-0.041692961157107467
Bootstrap,1.0,60,0.0,0.0,0.0
SIR,1.0,60,-0.09999999999999432,-0.23489645151588465,0.034896451515896015
VCOV,1.0,60,-0.04999999999999716,-0.14799999999999713,0.04800000000000283
Bootstrap,1.0,80,0.0,0.0,0.0
SIR,1.0,80,0.0,0.0,0.0
VCOV,1.0,80,0.0,0.0,0.0
Bootstrap,1.1,12,0.4499999999999993,-2.847766868016822,3.7477668680168206
SIR,1.1,12,-2.8000000000000007,-5.805464146657236,0.20546414665723534
VCOV,1.1,12,-0.9499999999999993,-4.146900439652857,2.2469004396528582
Bootstrap,1.1,24,0.05000000000000426,-3.1116043562190274,3.211604356219036
SIR,1.1,24,-1.2999999999999972,-4.2048885837860475,1.6048885837860531
VCOV,1.1,24,1.1000000000000085,-2.1850971306636704,4.385097130663688
Bootstrap,1.1,30,0.5,-2.370404336087789,3.370404336087789
SIR,1.1,30,-3.0999999999999943,-5.474671434336255,-0.7253285656637343
VCOV,1.1,30,-1.2000000000000028,-3.4910344250670082,1.0910344250670025
Bootstrap,1.1,40,-1.0999999999999943,-2.6439604576338165,0.44396045763382785
SIR,1.1,40,-1.8499999999999943,-3.785475516167587,0.08547551616759841
VCOV,1.1,40,-1.6499999999999915,-3.5833850870265884,0.28338508702660525
Bootstrap,1.1,50,-0.4000000000000057,-1.9442878106445316,1.1442878106445202
SIR,1.1,50,-1.1500000000000057,-2.793394625382735,0.49339462538272394
VCOV,1.1,50,-0.8500000000000085,-2.788606933368726,1.0886069333687087
Bootstrap,1.1,60,0.04999999999999716,-0.9946615165739245,1.0946615165739189
SIR,1.1,60,-0.9000000000000057,-2.061294015085627,0.2612940150856158
VCOV,1.1,60,-1.1000000000000085,-2.268237538931377,0.06823753893136009
Bootstrap,1.1,80,-0.14999999999999147,-0.7254000896401434,0.4254000896401604
SIR,1.1,80,-0.6499999999999915,-1.4464731468694954,0.14647314686951252
VCOV,1.1,80,-0.20000000000000284,-0.8516117668802842,0.4516117668802785
Bootstrap,1.3,12,-0.25,-1.0007350783696847,0.5007350783696847
SIR,1.3,12,-0.30000000000000004,-1.0016632870694124,0.40166328706941223
VCOV,1.3,12,0.1499999999999999,-0.564866347464225,0.8648663474642249
Bootstrap,1.3,24,-0.44999999999999996,-1.14478584356696,0.2447858435669602
SIR,1.3,24,-0.19999999999999996,-0.8819353264596902,0.4819353264596903
VCOV,1.3,24,0.1499999999999999,-0.5760916282615982,0.876091628261598
Bootstrap,1.3,30,-0.050000000000000044,-0.6775061752684192,0.5775061752684191
SIR,1.3,30,0.44999999999999996,-0.32850044789224186,1.2285004478922419
VCOV,1.3,30,0.3500000000000001,-0.41935666904922997,1.11935666904923
Bootstrap,1.3,40,0.25,-0.5957217409750647,1.0957217409750646
SIR,1.3,40,0.6000000000000001,-0.3448103123462345,1.5448103123462347
VCOV,1.3,40,0.3500000000000001,-0.5297046154967674,1.2297046154967677
Bootstrap,1.3,50,0.95,0.17279921987199554,1.7272007801280043
SIR,1.3,50,0.40000000000000013,-0.3109667251078112,1.1109667251078115
VCOV,1.3,50,0.25,-0.4760916282615981,0.9760916282615981
Bootstrap,1.3,60,0.09999999999999987,-0.5631456139213755,0.7631456139213753
SIR,1.3,60,0.34999999999999987,-0.3802566239631827,1.0802566239631823
VCOV,1.3,60,0.25,-0.59930026926195,1.09930026926195
Bootstrap,1.3,80,0.050000000000000044,-0.7206695653439082,0.8206695653439083
SIR,1.3,80,0.1499999999999999,-0.6615615876360315,0.9615615876360313
VCOV,1.3,80,0.19999999999999996,-0.5604353323832622,0.9604353323832621
