method,tr_ratio,n_per_arm,rate,sd,B,valid,passed,se,lo,hi
Bootstrap,0.7,12,0.1,0.30779350562554625,20,2000,2,0.06882472016116853,0.0,0.2348964515158903
Fixed,0.7,12,0.15,0.36634754853252327,20,2000,3,0.08191780219091253,0.0,0.31055889229418854
SIR,0.7,12,0.05,0.22360679774997885,20,2000,1,0.04999999999999997,0.0,0.14799999999999994
VCOV,0.7,12,0.15,0.3663475485325232,20,2000,3,0.08191780219091252,0.0,0.31055889229418854
Bootstrap,0.7,24,0.05,0.2236067977499789,20,2000,1,0.04999999999999998,0.0,0.14799999999999996
Fixed,0.7,24,0.1,0.30779350562554625,20,2000,2,0.06882472016116853,0.0,0.2348964515158903
SIR,0.7,24,0.05,0.22360679774997896,20,2000,1,0.049999999999999996,0.0,0.148
VCOV,0.7,24,0.05,0.22360679774997896,20,2000,1,0.049999999999999996,0.0,0.148
Bootstrap,0.7,30,0.1,0.30779350562554625,20,2000,2,0.06882472016116853,0.0,0.2348964515158903
Fixed,0.7,30,0.05,0.2236067977499789,20,2000,1,0.04999999999999998,0.0,0.14799999999999996
SIR,0.7,30,0.1,0.30779350562554625,20,2000,2,0.06882472016116853,0.0,0.2348964515158903
VCOV,0.7,30,0.0,0.0,20,2000,0,0.0,0.0,0.0
Bootstrap,0.7,40,0.0,0.0,20,2000,0,0.0,0.0,0.0
Fixed,0.7,40,0.0,0.0,20,2000,0,0.0,0.0,0.0
SIR,0.7,40,0.0,0.0,20,2000,0,0.0,0.0,0.0
VCOV,0.7,40,0.05,0.22360679774997894,20,2000,1,0.04999999999999999,0.0,0.14799999999999996
Bootstrap,0.7,50,0.0,0.0,20,2000,0,0.0,0.0,0.0
Fixed,0.7,50,0.05,0.22360679774997896,20,2000,1,0.049999999999999996,0.0,0.148
SIR,0.7,50,0.1,0.30779350562554625,20,2000,2,0.06882472016116853,0.0,0.2348964515158903
VCOV,0.7,50,0.05,0.22360679774997888,20,2000,1,0.049999999999999975,0.0,0.14799999999999996
Bootstrap,0.7,60,0.0,0.0,20,2000,0,0.0,0.0,0.0
Fixed,0.7,60,0.0,0.0,20,2000,0,0.0,0.0,0.0
SIR,0.7,60,0.0,0.0,20,2000,0,0.0,0.0,0.0
VCOV,0.7,60,0.05,0.22360679774997888,20,2000,1,0.049999999999999975,0.0,0.14799999999999996
Bootstrap,0.7,80,0.0,0.0,20,2000,0,0.0,0.0,0.0
Fixed,0.7,80,0.0,0.0,20,2000,0,0.0,0.0,0.0
SIR,0.7,80,0.0,0.0,20,2000,0,0.0,0.0,0.0
VCOV,0.7,80,0.0,0.0,20,2000,0,0.0,0.0,0.0
Bootstrap,0.9,12,26.2,4.741751841494427,20,2000,524,1.0602879450016347,24.121835627796795,28.278164372203204
Fixed,0.9,12,26.95,4.751454071068527,20,2000,539,1.0624574294877343,24.86758343820404,29.03241656179596
SIR,0.9,12,23.9,3.3070896729999864,20,2000,478,0.739487731651552,22.450604045962958,25.34939595403704
VCOV,0.9,12,24.15,2.9607075967890193,20,2000,483,0.6620343447920285,22.85241268420762,25.447587315792376
Bootstrap,0.9,24,61.25,2.989014975926984,20,2000,1225,0.6683640671937634,59.94000642830022,62.55999357169978
Fixed,0.9,24,60.7,4.680305882941279,20,2000,1214,1.0465482109748871,58.64876550648923,62.75123449351078
SIR,0.9,24,58.7,4.449719092257397,20,2000,1174,0.9949874371066197,56.74982462327103,60.650175376728974
VCOV,0.9,24,59.65,5.94956875925076,20,2000,1193,1.3303640182493779,57.042486524231215,62.25751347576878
Bootstrap,0.9,30,72.5,4.346807661043362,20,2000,1450,0.9719757415209822,70.59492754661888,74.40507245338112
Fixed,0.9,30,71.95,4.957450533235171,20,2000,1439,1.1085196387406422,69.77730150806835,74.12269849193166
SIR,0.9,30,70.6,3.816860103885336,20,2000,1412,0.853475865289452,68.92718730403267,72.27281269596732
VCOV,0.9,30,70.05,4.406633755218555,20,2000,1401,0.9853532628613856,68.11870760479168,71.98129239520831
Bootstrap,0.9,40,83.6,4.005259699839437,20,2000,1672,0.8956032956381383,81.84461754054924,85.35538245945075
Fixed,0.9,40,85.2,3.3340350138659622,20,2000,1704,0.7455128930368745,83.73879472964772,86.66120527035228
SIR,0.9,40,81.8,3.1556132109056243,20,2000,1636,0.7056165650281356,80.41699153254486,83.18300846745514
VCOV,0.9,40,84.7,3.6577243428696287,20,2000,1694,0.8178920273612238,83.096931626372,86.30306837362801
Bootstrap,0.9,50,92.4,2.741494022186481,20,2000,1848,0.6130166993518288,91.19848726927042,93.6015127307296
Fixed,0.9,50,91.2,2.2384204957490614,20,2000,1824,0.500526039072368,90.21896896341816,92.18103103658184
SIR,0.9,50,90.0,2.470883072485369,20,2000,1800,0.5525062514530825,88.91708774715195,91.08291225284805
VCOV,0.9,50,90.7,2.6377821625073796,20,2000,1814,0.5898260225202898,89.54394099586024,91.85605900413977
Bootstrap,0.9,60,94.75,2.403396719119356,20,2000,1895,0.5374158440850848,93.69666494559323,95.80333505440677
Fixed,0.9,60,95.3,1.2182817926554552,20,2000,1906,0.2724160904127902,94.76606446279092,95.83393553720907
SIR,0.9,60,94.35,2.6808286228819553,20,2000,1887,0.59945150367912,93.17507505278891,95.52492494721108
VCOV,0.9,60,95.0,2.1026299321513875,20,2000,1900,0.47016234598162726,94.07848180187601,95.92151819812399
Bootstrap,0.9,80,98.85,1.1821033884786183,20,2000,1977,0.2643263533071032,98.33192034751808,99.36807965248191
Fixed,0.9,80,99.1,1.1652874052533584,20,2000,1982,0.26056618514708546,98.5892902771117,99.61070972288829
SIR,0.9,80,98.25,1.332784974957958,20,2000,1965,0.2980197803396349,97.66588123053431,98.83411876946569
VCOV,0.9,80,98.75,0.9665456669582609,20,2000,1975,0.2161261814676544,98.3263926843234,99.1736073156766
Bootstrap,1.0,12,41.95,5.835237784358064,20,2000,839,1.304798835069989,39.392594283262824,44.50740571673718
Fixed,1.0,12,38.85,4.416178390752277,20,2000,777,0.987487508248772,36.91452448383241,40.785475516167594
SIR,1.0,12,35.55,5.414162714098722,20,2000,711,1.21064358699695,33.177138569485976,37.92286143051402
VCOV,1.0,12,36.5,4.639646084506197,20,2000,730,1.037456403649659,34.46658544884667,38.53341455115333
Bootstrap,1.0,24,90.05,3.3791154245795716,20,2000,1801,0.7555931793177986,88.56903736853711,91.53096263146288
Fixed,1.0,24,89.55,2.9285347512832574,20,2000,1791,0.6548402778339802,88.2665130554454,90.8334869445546
SIR,1.0,24,87.8,3.6070107174486563,20,2000,1756,0.8065521159785481,86.21915785268205,89.38084214731795
VCOV,1.0,24,87.95,3.3003189638515087,20,2000,1759,0.7379737550603644,86.50357144008169,89.39642855991832
Bootstrap,1.0,30,96.6,1.3138933706635725,20,2000,1932,0.2937954891990076,96.02416084116994,97.17583915883004
Fixed,1.0,30,96.2,1.5423836644690752,20,2000,1924,0.3448874721138079,95.52402055465694,96.87597944534306
SIR,1.0,30,94.5,1.6059101370939324,20,2000,1890,0.3590924232298039,93.79617885046959,95.20382114953041
VCOV,1.0,30,94.8,1.361114094757441,20,2000,1896,0.3043543641010728,94.20346544636189,95.3965345536381
Bootstrap,1.0,40,99.0,0.9733285267845752,20,2000,1980,0.21764287503300347,98.57341996493531,99.42658003506469
Fixed,1.0,40,99.5,0.6882472016116853,20,2000,1990,0.1538967528127731,99.19836236448697,99.80163763551303
SIR,1.0,40,99.3,0.8013147091860318,20,2000,1986,0.1791794161110442,98.94880834442235,99.65119165557765
VCOV,1.0,40,98.95,0.9445132413883326,20,2000,1979,0.21119958133929795,98.53604882057498,99.36395117942503
Bootstrap,1.0,50,99.85,0.48936048492959294,20,2000,1997,0.10942433098048311,99.63552831127825,100.0
Fixed,1.0,50,99.9,0.3077935056255463,20,2000,1998,0.06882472016116854,99.76510354848412,100.0
SIR,1.0,50,99.95,0.22360679774997896,20,2000,1999,0.049999999999999996,99.852,100.0
VCOV,1.0,50,99.6,0.5026246899500346,20,2000,1992,0.11239029738980327,99.37971501711598,99.820284982884
Bootstrap,1.0,60,100.0,0.0,20,2000,2000,0.0,100.0,100.0
Fixed,1.0,60,100.0,0.0,20,2000,2000,0.0,100.0,100.0
SIR,1.0,60,99.9,0.3077935056255463,20,2000,1998,0.06882472016116854,99.76510354848412,100.0
VCOV,1.0,60,99.95,0.22360679774997896,20,2000,1999,0.049999999999999996,99.852,100.0
Bootstrap,1.0,80,100.0,0.0,20,2000,2000,0.0,100.0,100.0
Fixed,1.0,80,100.0,0.0,20,2000,2000,0.0,100.0,100.0
SIR,1.0,80,100.0,0.0,20,2000,2000,0.0,100.0,100.0
VCOV,1.0,80,100.0,0.0,20,2000,2000,0.0,100.0,100.0
Bootstrap,1.1,12,25.4,4.357691325026421,20,2000,508,0.9744094027720207,23.490157570566836,27.30984242943316
Fixed,1.1,12,24.95,6.134243830206056,20,2000,499,1.3716586194899418,22.261549105799713,27.638450894200286
SIR,1.1,12,22.15,3.0655127501043986,20,2000,443,0.685469489512576,20.80647980055535,23.493520199444646
VCOV,1.1,12,24.0,3.947017528263721,20,2000,480,0.8825799501580878,22.270143297690147,25.729856702309853
Bootstrap,1.1,24,63.1,5.665221693994443,20,2000,1262,1.2667820815378086,60.6171071201859,65.58289287981411
Fixed,1.1,24,63.05,4.465953072089458,20,2000,1261,0.9986174653516046,61.092709767910854,65.00729023208915
SIR,1.1,24,61.75,4.897636379445003,20,2000,1235,1.095144787351498,59.603516216791064,63.896483783208936
VCOV,1.1,24,64.15,6.0199230629809986,20,2000,1283,1.346095718814426,61.51165239112373,66.78834760887628
Bootstrap,1.1,30,74.0,5.525062514530825,20,2000,1480,1.2354415362426845,71.57853458896435,76.42146541103565
Fixed,1.1,30,73.5,3.5168766046922344,20,2000,1470,0.7863975156570492,71.95866086931218,75.04133913068782
SIR,1.1,30,70.4,4.1218289246656665,20,2000,1408,0.9216689667177289,68.59352882523326,72.20647117476675
VCOV,1.1,30,72.3,3.8675437601715776,20,2000,1446,0.864809075369879,70.60497421227504,73.99502578772496
Bootstrap,1.1,40,85.5,2.3508117299081364,20,2000,1710,0.5256574830378468,84.46971133324583,86.53028866675417
Fixed,1.1,40,86.6,2.623777911012247,20,2000,1732,0.5866945766885778,85.45007862969038,87.74992137030961
SIR,1.1,40,84.75,3.5522416940055725,20,2000,1695,0.7943053900305467,83.19316143554013,86.30683856445987
VCOV,1.1,40,84.95,3.5463101654358553,20,2000,1699,0.7929790599213097,83.39576104255424,86.50423895744576
Bootstrap,1.1,50,93.05,2.258900524358558,20,2000,1861,0.5051055126875655,92.05999319513236,94.04000680486763
Fixed,1.1,50,93.45,2.704285098641939,20,2000,1869,0.60469653111031,92.26479479902379,94.63520520097622
SIR,1.1,50,92.3,2.5975697143777747,20,2000,1846,0.5808342457643417,91.16156487830189,93.4384351216981
VCOV,1.1,50,92.6,3.5003759196616815,20,2000,1852,0.7827078503166862,91.06589261337929,94.1341073866207
Bootstrap,1.1,60,96.75,1.332784974957958,20,2000,1935,0.2980197803396349,96.16588123053431,97.33411876946569
Fixed,1.1,60,96.7,1.9761738683361685,20,2000,1934,0.4418859104958392,95.83390361542816,97.56609638457185
SIR,1.1,60,95.8,1.7651599003161749,20,2000,1916,0.39470175282637193,95.02638456446032,96.57361543553968
VCOV,1.1,60,95.6,1.7888543819998315,20,2000,1912,0.3999999999999999,94.81599999999999,96.384
Bootstrap,1.1,80,99.15,0.8127277008872488,20,2000,1983,0.18173143863810043,98.79380638026933,99.50619361973068
Fixed,1.1,80,99.3,1.031095482841838,20,2000,1986,0.23055995909273175,98.84810248017824,99.75189751982175
SIR,1.1,80,98.65,1.4964871146156007,20,2000,1973,0.3346246915733002,97.99413560451633,99.30586439548368
VCOV,1.1,80,99.1,1.0711528467275953,20,2000,1982,0.23951705795753161,98.63054656640323,99.56945343359676
Bootstrap,1.3,12,1.0,1.025978352085154,20,2000,20,0.22941573387056172,0.5503451616136991,1.449654838386301
Fixed,1.3,12,1.25,1.3717065820970682,20,2000,25,0.306722916275294,0.6488230841004238,1.8511769158995763
SIR,1.3,12,0.95,0.8255779474818965,20,2000,19,0.18460484112942718,0.5881745113863227,1.3118254886136773
VCOV,1.3,12,1.4,0.8825799501580878,20,2000,28,0.19735087641318605,1.0131922822301553,1.7868077177698445
Bootstrap,1.3,24,1.35,1.089422831256605,20,2000,27,0.24360235069300512,0.87253939264171,1.8274606073582902
Fixed,1.3,24,1.8,1.1516578439248717,20,2000,36,0.2575185225836856,1.2952636957359762,2.304736304264024
SIR,1.3,24,1.6,1.046296727561194,20,2000,32,0.23395906074624076,1.1414402409373683,2.058559759062632
VCOV,1.3,24,1.95,1.190974832912761,20,2000,39,0.2663100685884387,1.4280322655666602,2.4719677344333397
Bootstrap,1.3,30,1.2,0.8944271909999157,20,2000,24,0.19999999999999996,0.808,1.5919999999999999
Fixed,1.3,30,1.25,1.118033988749895,20,2000,25,0.25,0.76,1.74
SIR,1.3,30,1.7,1.3803127029389886,20,2000,34,0.3086473033978052,1.0950512853403018,2.304948714659698
VCOV,1.3,30,1.6,1.3533583957579092,20,2000,32,0.3026201370834748,1.0068645313163895,2.193135468683611
Bootstrap,1.3,40,1.5,1.1470786693528088,20,2000,30,0.2564945880212885,0.9972706074782746,2.0027293925217253
Fixed,1.3,40,1.25,1.5517392618742702,20,2000,25,0.3469794472906216,0.5699202833103817,1.9300797166896184
SIR,1.3,40,1.85,1.496487114615601,20,2000,37,0.33462469157330027,1.1941356045163316,2.505864395483669
VCOV,1.3,40,1.6,1.2732056517228265,20,2000,32,0.2846974386589162,1.0419930202285244,2.158006979771476
Bootstrap,1.3,50,2.15,1.2680278927697548,20,2000,43,0.28353965655989855,1.5942622731425988,2.705737726857401
Fixed,1.3,50,1.2,1.2396943596157717,20,2000,24,0.27720408594239354,0.6566799915529086,1.7433200084470912
SIR,1.3,50,1.6,1.0462967275611936,20,2000,32,0.23395906074624065,1.1414402409373685,2.0585597590626317
VCOV,1.3,50,1.45,1.0990426455975697,20,2000,29,0.24575340657273756,0.9683233231174344,1.9316766768825655
Bootstrap,1.3,60,1.45,1.0500626547722611,20,2000,29,0.23480114767046698,0.9897897505658847,1.9102102494341153
Fixed,1.3,60,1.35,1.0894228312566052,20,2000,27,0.24360235069300518,0.87253939264171,1.8274606073582902
SIR,1.3,60,1.7,1.2607433062326867,20,2000,34,0.28191077349141214,1.1474548839568322,2.2525451160431675
VCOV,1.3,60,1.6,1.6026294183720635,20,2000,32,0.3583588322220884,0.8976166888447068,2.3023833111552934
Bootstrap,1.3,80,1.35,1.0894228312566052,20,2000,27,0.24360235069300518,0.87253939264171,1.8274606073582902
Fixed,1.3,80,1.3,1.380312702938989,20,2000,26,0.30864730339780533,0.6950512853403016,1.9049487146596986
SIR,1.3,80,1.45,1.234376040972246,20,2000,29,0.27601487374110073,0.9090108474674425,1.9909891525325574
VCOV,1.3,80,1.5,1.0513149660756937,20,2000,30,0.23508117299081363,1.0392409009380053,1.9607590990619947
