method,parameter,q025,q50,q975
VCOV,tvcl,4.497344073303351,5.051197802540514,5.633647588973915
VCOV,tvv,47.46242857322932,51.1814562038151,55.59052208920495
VCOV,tvka,1.0124426988737962,1.1610049039359347,1.332061800445688
VCOV,tvbio,0.8596729915329095,0.9586390248087501,1.0654813735528836
VCOV,omega_cl,0.0962526061577294,0.13783643471958074,0.19919469286216113
VCOV,omega_v,0.039866110458357064,0.057533030374007726,0.08318359711030246
VCOV,omega_ka,0.07393274413959938,0.13093338841363658,0.2542263974226254
VCOV,sigma,0.19607142442021053,0.20062994691379155,0.20496546348957778
Bootstrap,tvcl,4.558167928558614,5.068081099840564,5.5995169750480756
Bootstrap,tvv,47.681366912018824,51.43875268894052,55.70657812468497
Bootstrap,tvka,1.0248600137076016,1.168153668060715,1.3345203390710476
Bootstrap,tvbio,0.8581895422516901,0.9623388855758974,1.0690726519542297
Bootstrap,omega_cl,0.08939563321824348,0.13467487979522358,0.1888366647517018
Bootstrap,omega_v,0.036473558345043865,0.05556139588986442,0.07831701082442184
Bootstrap,omega_ka,0.05185744704938001,0.12755519991047476,0.1989604191901187
Bootstrap,sigma,0.1961372656182256,0.2008082535465241,0.20474963644429167
SIR,tvcl,4.537477644736342,5.054897984194348,5.582771949273618
SIR,tvv,47.609176629232664,51.59058130775064,55.69330015166329
SIR,tvka,1.026897752369445,1.1619974742956032,1.2996359987220638
SIR,tvbio,0.8664939829698273,0.9641918192363401,1.0608861190732586
SIR,omega_cl,0.10170698983250509,0.14290170512896205,0.1929490478606994
SIR,omega_v,0.04070282071696148,0.06022415722535891,0.08302006380816289
SIR,omega_ka,0.07801053226652205,0.14109602963458506,0.21666187143784843
SIR,sigma,0.1959979030158982,0.20047570748476753,0.20461369777652066
